{"editing":{"control":{"DetailTimeTrackerDock":326.183496777777,"ViewWorldTheatre":33.3071545555556,"unknown_node":641.74936282203,"world_map":861.215804402118},"node2D":{"NavigationObstacle2D":26.1126314040404,"WorldMapCity":344.561108820106,"WorldMapNavigationTarget":49.3468327989417,"navigation_target":247.816883008658,"unknown_node":133.710406666667,"world_theatre":220.534442888888},"node3D":{"ViewWorldTheatre3d":102.558806666667},"object":{"unknown_node":77.3785503597884},"script":{"res://Debug/Debug.gd":449.67172747619,"res://Debug/GlobalsEditor.tscn::":1.00216877777778,"res://Debug/GlobalsEditor.tscn::GDScript_4kvpv":39.0841977777777,"res://Debug/debug_profiler.gd":109.492563820106,"res://Globals.gd":3291.42048558683,"res://Globals/Economy.gd":56.1788858888888,"res://Globals/Global.gd":52.2887923333334,"res://Inventory.gd":2189.72142918134,"res://Views/GUI/_Elements/pan_zoom_camera/pan_zoom_camera.gd":11.071866,"res://World/Entities/navigation_entity.gd":165.017188717172,"res://World/Map/Elements/world_map_city.gd":3733.55629215132,"res://World/Map/Elements/world_map_navigation_target.gd":479.862517222222,"res://World/Map/Template/world_map_template.gd":1242.96796939556,"res://World/Map/template_map/navigation_target_city.tscn::":30.041797,"res://World/Map/template_map/navigation_target_city.tscn::GDScript_6wgps":106.310948666666,"res://World/Map/template_map/world_map_city.gd":127.114683555556,"res://World/Map/template_map/world_map_navigation_city.gd":18.077181,"res://World/Map/template_map/world_map_navigation_city.tscn::GDScript_6wgps":4.00695155555555,"res://World/Map/template_map/world_map_navigation_obstacle.gd":26.1029386666666,"res://World/Map/template_map/world_map_navigation_target.gd":263.916481195767,"res://World/Map/template_map/world_map_navigation_target.tscn::":3.01111911111111,"res://World/Map/template_map/world_map_navigation_target.tscn::GDScript_ly6ml":99.2770853439152,"res://World/Map/template_map/world_map_template.gd":225.401404111111,"res://World/Wind.gd":278.617404155844,"res://addons/detail_time_tracker/detail_time_tracker.gd":391.879801936508,"res://addons/detail_time_tracker/detail_time_tracker_dock.gd":2228.24946844445,"res://inventory_resources.gd":2510.39669723808,"unknown_file":728.442888666666}},"other":4516.09996376624,"outside":8746.80773376929,"playing":8109.16297322366}
