{"editing":{"control":{"DetailTimeTrackerDock":326.183496777777,"ViewWorldTheatre":33.3071545555556,"unknown_node":641.74936282203,"world_map":3101.08170980568},"node2D":{"Entity_Generic":290.942967126983,"Entity_Settlement":356.261111730158,"Entity_Ship":409.338874492065,"NavigationObstacle2D":26.1126314040404,"WorldMapCity":612.527878444444,"WorldMapNavigationTarget":173.741565846561,"navigation_entity":273.787049698412,"navigation_target":247.816883008658,"sea_entity":5.02369077777778,"unknown_node":133.710406666667,"world_theatre":1123.07250498942},"node3D":{"ViewWorldTheatre3d":102.558806666667},"object":{"GlobalsEditor":22.1607277777779,"ProducerBehavior":2.006959,"unknown_node":77.3785503597884},"script":{"":30.2003688359788,"res://Debug/Debug.gd":588.281139607503,"res://Debug/GlobalsEditor.tscn::":1.00216877777778,"res://Debug/GlobalsEditor.tscn::GDScript_4kvpv":245.849316555556,"res://Debug/debug_profiler.gd":109.492563820106,"res://Globals.gd":3291.42048558683,"res://Globals/Economy.gd":1876.66197556566,"res://Globals/Global.gd":1462.22372776785,"res://Inventory.gd":2851.07103784801,"res://Items/inventory.gd":6520.62364812213,"res://Views/GUI/_Elements/pan_zoom_camera/pan_zoom_camera.gd":11.071866,"res://World/Behaviours/behavior.gd":1519.53445478837,"res://World/Behaviours/behavior_navigation_target.gd":873.69165588871,"res://World/Behaviours/behavior_navigator.gd":735.203889063491,"res://World/Behaviours/behavior_producer.gd":2788.75002877874,"res://World/Behaviours/behavior_producer.tscn::":3.01012833333333,"res://World/Behaviours/behavior_producer.tscn::GDScript_05itb":119.395308746032,"res://World/Behaviours/behavior_trader.gd":8496.67557797143,"res://World/Entities/behavior_producer.gd":17.0596283333333,"res://World/Entities/entity_generic.gd":7129.47703354257,"res://World/Entities/entity_settlement.tscn::GDScript_w33rk":154.635155142857,"res://World/Entities/navigation_entity.gd":2733.3132465368,"res://World/Entities/sea_entity.gd":37.1519345873016,"res://World/Map/Elements/world_map_city.gd":6525.50434559769,"res://World/Map/Elements/world_map_navigation_target.gd":1100.36971107936,"res://World/Map/Template/world_map_template.gd":1661.39573799872,"res://World/Map/template_map/navigation_target_city.tscn::":30.041797,"res://World/Map/template_map/navigation_target_city.tscn::GDScript_6wgps":106.310948666666,"res://World/Map/template_map/world_map_city.gd":127.114683555556,"res://World/Map/template_map/world_map_navigation_city.gd":18.077181,"res://World/Map/template_map/world_map_navigation_city.tscn::GDScript_6wgps":4.00695155555555,"res://World/Map/template_map/world_map_navigation_obstacle.gd":26.1029386666666,"res://World/Map/template_map/world_map_navigation_target.gd":263.916481195767,"res://World/Map/template_map/world_map_navigation_target.tscn::":3.01111911111111,"res://World/Map/template_map/world_map_navigation_target.tscn::GDScript_ly6ml":99.2770853439152,"res://World/Map/template_map/world_map_template.gd":225.401404111111,"res://World/Wind.gd":278.617404155844,"res://World/world_theatre.tscn::GDScript_wufwy":18.1047824242424,"res://addons/detail_time_tracker/detail_time_tracker.gd":391.879801936508,"res://addons/detail_time_tracker/detail_time_tracker_dock.gd":2228.24946844445,"res://addons/test_behaviors/test_behaviors.gd":22.1314208888889,"res://inventory_resources.gd":2510.39669723808,"unknown_file":819.924717555556}},"other":4721.19547521069,"outside":30085.3648534546,"playing":40928.059734894}
