{"editing":{"control":{"DetailTimeTrackerDock":326.183496777777,"ViewWorldTheatre":33.3071545555556,"unknown_node":641.74936282203,"world_map":3101.08170980568},"node2D":{"Entity_Generic":290.942967126983,"Entity_Settlement":355.258853507936,"Entity_Ship":409.338874492065,"NavigationObstacle2D":26.1126314040404,"WorldMapCity":612.527878444444,"WorldMapNavigationTarget":173.741565846561,"navigation_entity":273.787049698412,"navigation_target":247.816883008658,"sea_entity":5.02369077777778,"unknown_node":133.710406666667,"world_theatre":703.02826379894},"node3D":{"ViewWorldTheatre3d":102.558806666667},"object":{"GlobalsEditor":22.1607277777779,"unknown_node":77.3785503597884},"script":{"res://Debug/Debug.gd":588.281139607503,"res://Debug/GlobalsEditor.tscn::":1.00216877777778,"res://Debug/GlobalsEditor.tscn::GDScript_4kvpv":239.800239222223,"res://Debug/debug_profiler.gd":109.492563820106,"res://Globals.gd":3291.42048558683,"res://Globals/Economy.gd":1600.03496383839,"res://Globals/Global.gd":1370.87789174891,"res://Inventory.gd":2851.07103784801,"res://Items/inventory.gd":6316.99884212213,"res://Views/GUI/_Elements/pan_zoom_camera/pan_zoom_camera.gd":11.071866,"res://World/Behaviours/behavior.gd":138.748473111122,"res://World/Behaviours/behavior_navigation_target.gd":394.89188241847,"res://World/Behaviours/behavior_producer.gd":1445.34978717028,"res://World/Behaviours/behavior_trader.gd":6586.31027039104,"res://World/Entities/entity_generic.gd":3151.49000352188,"res://World/Entities/navigation_entity.gd":2674.09766798125,"res://World/Entities/sea_entity.gd":37.1519345873016,"res://World/Map/Elements/world_map_city.gd":6525.50434559769,"res://World/Map/Elements/world_map_navigation_target.gd":1100.36971107936,"res://World/Map/Template/world_map_template.gd":1661.39573799872,"res://World/Map/template_map/navigation_target_city.tscn::":30.041797,"res://World/Map/template_map/navigation_target_city.tscn::GDScript_6wgps":106.310948666666,"res://World/Map/template_map/world_map_city.gd":127.114683555556,"res://World/Map/template_map/world_map_navigation_city.gd":18.077181,"res://World/Map/template_map/world_map_navigation_city.tscn::GDScript_6wgps":4.00695155555555,"res://World/Map/template_map/world_map_navigation_obstacle.gd":26.1029386666666,"res://World/Map/template_map/world_map_navigation_target.gd":263.916481195767,"res://World/Map/template_map/world_map_navigation_target.tscn::":3.01111911111111,"res://World/Map/template_map/world_map_navigation_target.tscn::GDScript_ly6ml":99.2770853439152,"res://World/Map/template_map/world_map_template.gd":225.401404111111,"res://World/Wind.gd":278.617404155844,"res://addons/detail_time_tracker/detail_time_tracker.gd":697.94463915873,"res://addons/detail_time_tracker/detail_time_tracker_dock.gd":2228.24946844445,"res://addons/test_behaviors/test_behaviors.gd":22.1314208888889,"res://inventory_resources.gd":2510.39669723808,"unknown_file":823.005881444445}},"other":4517.14973043291,"outside":25066.5167208363,"playing":28513.5098865577}
