{"editing":{"control":{"DetailTimeTrackerDock":326.183496777777,"ViewWorldTheatre":33.3071545555556,"unknown_node":641.74936282203,"world_map":1499.79083598942},"node2D":{"NavigationObstacle2D":26.1126314040404,"WorldMapCity":470.039925566138,"WorldMapNavigationTarget":49.3468327989417,"navigation_target":247.816883008658,"unknown_node":133.710406666667,"world_theatre":362.375794111111},"node3D":{"ViewWorldTheatre3d":102.558806666667},"object":{"GlobalsEditor":22.1607277777779,"unknown_node":77.3785503597884},"script":{"res://Debug/Debug.gd":552.022610587302,"res://Debug/GlobalsEditor.tscn::":1.00216877777778,"res://Debug/GlobalsEditor.tscn::GDScript_4kvpv":239.800239222223,"res://Debug/debug_profiler.gd":109.492563820106,"res://Globals.gd":3291.42048558683,"res://Globals/Economy.gd":714.055624333333,"res://Globals/Global.gd":918.921627860027,"res://Inventory.gd":2692.11273018134,"res://Views/GUI/_Elements/pan_zoom_camera/pan_zoom_camera.gd":11.071866,"res://World/Entities/navigation_entity.gd":1605.77332147475,"res://World/Map/Elements/world_map_city.gd":5696.86544711959,"res://World/Map/Elements/world_map_navigation_target.gd":479.862517222222,"res://World/Map/Template/world_map_template.gd":1434.98816614159,"res://World/Map/template_map/navigation_target_city.tscn::":30.041797,"res://World/Map/template_map/navigation_target_city.tscn::GDScript_6wgps":106.310948666666,"res://World/Map/template_map/world_map_city.gd":127.114683555556,"res://World/Map/template_map/world_map_navigation_city.gd":18.077181,"res://World/Map/template_map/world_map_navigation_city.tscn::GDScript_6wgps":4.00695155555555,"res://World/Map/template_map/world_map_navigation_obstacle.gd":26.1029386666666,"res://World/Map/template_map/world_map_navigation_target.gd":263.916481195767,"res://World/Map/template_map/world_map_navigation_target.tscn::":3.01111911111111,"res://World/Map/template_map/world_map_navigation_target.tscn::GDScript_ly6ml":99.2770853439152,"res://World/Map/template_map/world_map_template.gd":225.401404111111,"res://World/Wind.gd":278.617404155844,"res://addons/detail_time_tracker/detail_time_tracker.gd":391.879801936508,"res://addons/detail_time_tracker/detail_time_tracker_dock.gd":2228.24946844445,"res://inventory_resources.gd":2510.39669723808,"unknown_file":728.442888666666}},"other":4516.09996376624,"outside":8793.76902361057,"playing":10794.5603100512}
