{"editing":{"control":{"Control":1833.790054886,"DetailTimeTrackerDock":326.183496777777,"ViewWorldTheatre":33.3071545555556,"unknown_node":641.74936282203,"world_map":3407.63282725012},"node2D":{"Entity_Generic":290.942967126983,"Entity_Settlement":428.627669936507,"Entity_Ship":443.631880603177,"NavigationObstacle2D":26.1126314040404,"Node2D":9.04966744444443,"World":4694.75495446523,"WorldMap":8037.56472704532,"WorldMapCity":612.527878444444,"WorldMapNavigationTarget":173.741565846561,"navigation_entity":277.798325698412,"navigation_target":247.816883008658,"pan_zoom_camera":14.0382126666666,"sea_entity":5.02369077777778,"unknown_node":133.710406666667,"world_theatre":2292.63675562001},"node3D":{"ViewWorldTheatre3d":102.558806666667},"object":{"GlobalsEditor":32.1944876666667,"ProducerBehavior":3.012878,"unknown_node":102.470041597884},"script":{"":30.2003688359788,"res://Debug/Debug.gd":1188.33574990909,"res://Debug/GlobalsEditor.tscn::":1.00216877777778,"res://Debug/GlobalsEditor.tscn::GDScript_4kvpv":259.904667730159,"res://Debug/debug_profiler.gd":109.492563820106,"res://Globals.gd":3291.42048558683,"res://Globals/Economy.gd":1876.66197556566,"res://Globals/Global.gd":2248.88182881546,"res://Globals/globals.gd":197.933291487734,"res://Inventory.gd":2851.07103784801,"res://Items/inventory.gd":6607.31219045546,"res://Views/GUI/_Elements/pan_zoom_camera/pan_zoom_camera.gd":11.071866,"res://Views/GUI/fps_label.gd":68.5862609696969,"res://Views/GUI/pan_zoom_camera.gd":96.3152492222221,"res://World/Behaviours/behavior.gd":1523.60585596298,"res://World/Behaviours/behavior_navigation_target.gd":2229.09658229275,"res://World/Behaviours/behavior_navigator.gd":9111.19981079802,"res://World/Behaviours/behavior_producer.gd":2812.91545311208,"res://World/Behaviours/behavior_producer.tscn::":3.01012833333333,"res://World/Behaviours/behavior_producer.tscn::GDScript_05itb":119.395308746032,"res://World/Behaviours/behavior_trader.gd":8701.54190993969,"res://World/Entities/behavior_producer.gd":17.0596283333333,"res://World/Entities/entity_generic.gd":8785.52752494373,"res://World/Entities/entity_settlement.tscn::GDScript_w33rk":154.635155142857,"res://World/Entities/navigation_entity.gd":3417.72888742568,"res://World/Entities/sea_entity.gd":37.1519345873016,"res://World/Map/Elements/world_map_city.gd":6525.50434559769,"res://World/Map/Elements/world_map_navigation_target.gd":1100.36971107936,"res://World/Map/Template/world_map_template.gd":1672.47585950377,"res://World/Map/template_map/navigation_target_city.tscn::":30.041797,"res://World/Map/template_map/navigation_target_city.tscn::GDScript_6wgps":106.310948666666,"res://World/Map/template_map/world_map_city.gd":127.114683555556,"res://World/Map/template_map/world_map_navigation_city.gd":18.077181,"res://World/Map/template_map/world_map_navigation_city.tscn::GDScript_6wgps":4.00695155555555,"res://World/Map/template_map/world_map_navigation_obstacle.gd":26.1029386666666,"res://World/Map/template_map/world_map_navigation_target.gd":263.916481195767,"res://World/Map/template_map/world_map_navigation_target.tscn::":3.01111911111111,"res://World/Map/template_map/world_map_navigation_target.tscn::GDScript_ly6ml":99.2770853439152,"res://World/Map/template_map/world_map_template.gd":225.401404111111,"res://World/Wind.gd":1089.83842382252,"res://World/WorldTime.gd":74.3569317777777,"res://World/WorldWind.gd":1798.6791615618,"res://World/entity_inert.gd":1157.2644723545,"res://World/time.gd":1304.99119393651,"res://World/wind.gd":2671.75650199903,"res://World/world_map.gd":17498.4268276901,"res://World/world_theatre.tscn::GDScript_wufwy":18.1047824242424,"res://World/worldwind.gd":36.1629990938619,"res://addons/detail_time_tracker/detail_time_tracker.gd":391.879801936508,"res://addons/detail_time_tracker/detail_time_tracker_dock.gd":2228.24946844445,"res://addons/test_behaviors/test_behaviors.gd":22.1314208888889,"res://inventory_resources.gd":2510.39669723808,"unknown_file":850.112015857144}},"other":4786.52559176625,"outside":91532.3439450871,"playing":62292.6856142442}
