{"editing":{"control":{"Control":2642.42089011881,"DetailTimeTrackerDock":326.183496777777,"EconomyInfo":1109.6760785113,"HFlowContainer":3.01852733333333,"TimeInfo":2.00574988888889,"VersionManager":44.1623308888888,"ViewWorldTheatre":33.3071545555556,"WorldEconomyTable":16.060454888889,"WorldEconomyViewer":11.0670563333333,"unknown_node":641.74936282203,"view_PriceCurveGraph":300.41009439682,"vire_PriceCurveGraph":566.51304393651,"world_map":3407.63282725012},"node2D":{"Drifter":500.182026176623,"Entity":233.995070936509,"Entity_Generic":290.942967126983,"Entity_Settlement":428.627669936507,"Entity_Ship":443.631880603177,"NavigationObstacle2D":26.1126314040404,"Node2D":9.04966744444443,"Settlement":200.870627138889,"Vessel":346.53482071236,"World":8419.72875734111,"WorldMap":9442.31657401363,"WorldMapCity":612.527878444444,"WorldMapNavigationTarget":173.741565846561,"entity":538.490360115788,"entity_settlement":3.00942299999999,"navigation_entity":277.798325698412,"navigation_target":247.816883008658,"pan_zoom_camera":14.0382126666666,"sea_entity":5.02369077777778,"unknown_node":133.710406666667,"world_theatre":2292.63675562001},"node3D":{"ViewWorldTheatre3d":102.558806666667},"object":{"Behaviour":6.03246066666667,"BehaviourBase":3.01080633333333,"DebugWindow":12.0472301111111,"GlobalsEditor":32.1944876666667,"Inventory":4.04115777777777,"ProducerBehavior":3.012878,"unknown_node":111.499031597884},"script":{"":39.2214451693121,"res://Debug/Debug.gd":1201.40328392496,"res://Debug/GlobalsEditor.tscn::":1.00216877777778,"res://Debug/GlobalsEditor.tscn::GDScript_4kvpv":259.904667730159,"res://Debug/debug_profiler.gd":109.492563820106,"res://Entities/Behaviours/BehaviourManager.gd":916.390809022492,"res://Entities/Behaviours/Behaviour_Trader.gd":195.154692634921,"res://Entities/Behaviours/TransactionResult.gd":114.595360412699,"res://Entities/Behaviours/behaviour.gd":24.0763270000001,"res://Entities/Behaviours/behaviour_base.gd":1269.09051104706,"res://Entities/Behaviours/behaviour_consumer.gd":3563.00966012356,"res://Entities/Behaviours/behaviour_navigator.gd":850.166882178934,"res://Entities/Behaviours/behaviour_producer.gd":5475.97928369175,"res://Entities/Behaviours/behaviour_sail.gd":5710.46787175665,"res://Entities/Behaviours/behaviour_storage.gd":3791.20328866121,"res://Entities/Behaviours/behaviour_trader.gd":4376.70565725864,"res://Entities/Items/Item_Lists/item_list_HH.gd":6.03231877777778,"res://Entities/Items/Item_Lists/item_list_PriceCalculator.gd":515.216125365749,"res://Entities/Items/Item_Lists/item_list_a.gd":29.1878925555557,"res://Entities/Items/Item_Lists/item_list_aa.gd":16.1063181587303,"res://Entities/Items/Item_Lists/item_list_aad.gd":5.04873722222231,"res://Entities/Items/Item_Lists/item_list_aasd.gd":24.1121203333333,"res://Entities/Items/Item_Lists/item_list_aasdd.gd":4.00475322222222,"res://Entities/Items/Item_Lists/item_list_ad.gd":15.0670501111112,"res://Entities/Items/Item_Lists/item_list_as.gd":34.1667252222223,"res://Entities/Items/Item_Lists/item_list_asa.gd":23.1129662380952,"res://Entities/Items/Item_Lists/item_list_float.gd":536.949052682538,"res://Entities/Items/editor_item_list_generator.gd":400.549269222221,"res://Entities/Items/inventory_item.gd":164.602341,"res://Entities/Items/inventory_item_list.gd":9.03392188888887,"res://Entities/Items/item_base.gd":704.438226098121,"res://Entities/Items/item_list.gd":3709.24719772653,"res://Entities/Items/item_res_base.gd":89.360370095238,"res://Entities/Items/item_res_wood.gd":27.1608772222222,"res://Entities/Items/item_stack.gd":173.673887822511,"res://Entities/Items/item_stone.gd":23.1696907777778,"res://Entities/Items/item_wood.gd":809.444143503067,"res://Entities/Items/price_calculator.gd":1848.47537937567,"res://Entities/entity.gd":3169.71617589313,"res://Entities/inventory.gd":5401.78000211974,"res://Entities/inventory_item_list.gd":31.0928614444444,"res://Entities/item_list.gd":290.338115174603,"res://Globals.gd":3291.42048558683,"res://Globals/Economy.gd":1876.66197556566,"res://Globals/Global.gd":2248.88182881546,"res://Globals/globals.gd":406.787695403077,"res://Inventory.gd":2851.07103784801,"res://Items/inventory.gd":6607.31219045546,"res://Views/GUI/_Elements/pan_zoom_camera/pan_zoom_camera.gd":11.071866,"res://Views/GUI/fps_label.gd":90.6957038903319,"res://Views/GUI/pan_zoom_camera.gd":96.3152492222221,"res://Views/GUI/price_curve_graph.gd":9713.21916604203,"res://Views/GUI/view_price_curve_graph.gd":618.788289380921,"res://Views/GUI/vire_price_curve_graph.gd":129.543172999995,"res://Views/GUI/world_economy_tab.gd":9.02918266666607,"res://Views/GUI/world_economy_table.gd":4437.02314670322,"res://Views/GUI/world_economy_viewer.gd":293.50133031746,"res://World/Behaviours/behavior.gd":1523.60585596298,"res://World/Behaviours/behavior_navigation_target.gd":2229.09658229275,"res://World/Behaviours/behavior_navigator.gd":9111.19981079802,"res://World/Behaviours/behavior_producer.gd":2812.91545311208,"res://World/Behaviours/behavior_producer.tscn::":3.01012833333333,"res://World/Behaviours/behavior_producer.tscn::GDScript_05itb":119.395308746032,"res://World/Behaviours/behavior_trader.gd":8701.54190993969,"res://World/Entities/behavior_producer.gd":17.0596283333333,"res://World/Entities/entity_generic.gd":8785.52752494373,"res://World/Entities/entity_settlement.tscn::GDScript_w33rk":154.635155142857,"res://World/Entities/navigation_entity.gd":3417.72888742568,"res://World/Entities/sea_entity.gd":37.1519345873016,"res://World/Map/Elements/world_map_city.gd":6525.50434559769,"res://World/Map/Elements/world_map_navigation_target.gd":1100.36971107936,"res://World/Map/Template/world_map_template.gd":1672.47585950377,"res://World/Map/template_map/navigation_target_city.tscn::":30.041797,"res://World/Map/template_map/navigation_target_city.tscn::GDScript_6wgps":106.310948666666,"res://World/Map/template_map/world_map_city.gd":127.114683555556,"res://World/Map/template_map/world_map_navigation_city.gd":18.077181,"res://World/Map/template_map/world_map_navigation_city.tscn::GDScript_6wgps":4.00695155555555,"res://World/Map/template_map/world_map_navigation_obstacle.gd":26.1029386666666,"res://World/Map/template_map/world_map_navigation_target.gd":263.916481195767,"res://World/Map/template_map/world_map_navigation_target.tscn::":3.01111911111111,"res://World/Map/template_map/world_map_navigation_target.tscn::GDScript_ly6ml":99.2770853439152,"res://World/Map/template_map/world_map_template.gd":225.401404111111,"res://World/Wind.gd":1089.83842382252,"res://World/WindSample.gd":103.392610888886,"res://World/WorldEconomy.gd":2310.28422000235,"res://World/WorldTime.gd":541.625709769119,"res://World/WorldWind.gd":7800.14055883361,"res://World/entity_inert.gd":1636.5658940053,"res://World/time.gd":1304.99119393651,"res://World/view_economy_info.gd":10281.4289742732,"res://World/view_time_info.gd":45.171269296296,"res://World/wind.gd":2671.75650199903,"res://World/world.gd":127.451185015873,"res://World/world.tscn::GDScript_0lysu":128.508873714285,"res://World/world.tscn::GDScript_awrha":31.1297770000003,"res://World/world.tscn::GDScript_h2aik":19.066896,"res://World/world_map.gd":18409.6124061501,"res://World/world_theatre.tscn::GDScript_wufwy":18.1047824242424,"res://World/world_timer.gd":1081.51738743871,"res://World/worldwind.gd":36.1629990938619,"res://addons/build_version_manager/BuildVersion.gd":190.825791714286,"res://addons/build_version_manager/build_version_export.gd":12.0501485873016,"res://addons/build_version_manager/build_version_manager.gd":912.039983238094,"res://addons/build_version_manager/build_version_manager_dock.gd":242.000930593245,"res://addons/build_version_manager/version_label.gd":132.513438079365,"res://addons/build_version_manager/word_fetcher.gd":462.221268349206,"res://addons/detail_time_tracker/detail_time_tracker.gd":391.879801936508,