{"editing":{"control":{"DetailTimeTrackerDock":326.183496777777,"ViewWorldTheatre":17.1625233333334,"unknown_node":155.827120555556},"node2D":{"world_theatre":9.06093633333334},"node3D":{"ViewWorldTheatre3d":102.558806666667},"object":{"unknown_node":8.01809122222229},"script":{"res://World/Wind.gd":10.062617,"res://addons/detail_time_tracker/detail_time_tracker.gd":314.355004936508,"res://addons/detail_time_tracker/detail_time_tracker_dock.gd":2213.19545422223,"unknown_file":14.0289887777777}},"other":4515.09768343291,"outside":4613.16767274163,"playing":1651.00709685711}
