{"editing":{"control":{"DetailTimeTrackerDock":326.183496777777,"ViewWorldTheatre":20.1818445555556,"unknown_node":641.74936282203,"world_map":23.1167126666667},"node2D":{"unknown_node":133.710406666667,"world_theatre":9.06093633333334},"node3D":{"ViewWorldTheatre3d":102.558806666667},"object":{"unknown_node":53.1442241375662},"script":{"res://Debug/Debug.gd":14.1297793333333,"res://Views/GUI/_Elements/pan_zoom_camera/pan_zoom_camera.gd":11.071866,"res://World/Entities/navigation_entity.gd":116.628786666667,"res://World/Wind.gd":10.062617,"res://addons/detail_time_tracker/detail_time_tracker.gd":380.837357047619,"res://addons/detail_time_tracker/detail_time_tracker_dock.gd":2213.19545422223,"unknown_file":14.0289887777777}},"other":4515.09768343291,"outside":5174.36895840848,"playing":2281.25530356414}
